{"extrinsic0": [{"rvec": [[2.443156185539467], [-0.009770584845438884], [-0.0726361592714528]], "tvec": [[-3.277691009166735], [-2.029820183056393], [14.336843370218427]]}], "extrinsic1": [{"rvec": [[2.6862192814386048], [-0.047914919212092254], [-0.10560242396815532]], "tvec": [[-2.913775440926558], [-0.7114027834008273], [21.698036047536263]]}], "extrinsic2": [{"rvec": [[2.4530601295974117], [-0.863693479437634], [0.10937885663126627]], "tvec": [[-1.927807080865408], [0.4339392709763299], [21.768119103810232]]}], "extrinsic3": [{"rvec": [[1.6214828648945587], [-2.0132222521207823], [0.6309893454636842]], "tvec": [[-0.7663415309557362], [3.6424331104351726], [23.170615094143656]]}], "extrinsic4": [{"rvec": [[2.522840755808563], [0.7290878590086832], [-0.2856347447537052]], "tvec": [[-1.9814536786752457], [-3.475090048626627], [24.217054495298054]]}], "extrinsic5": [{"rvec": [[1.6677352058579418], [1.936057060332189], [-0.7627794076003153]], "tvec": [[4.0510972507099865], [-1.8138760566347591], [28.222861892773135]]}], "extrinsic6": [{"rvec": [[1.4133964178539797], [1.8160681098308766], [-1.0627642655787017]], "tvec": [[5.935223603934944], [-1.3209137117721383], [22.999626045744655]]}], "extrinsic7": [{"rvec": [[1.4907460855120762], [-1.7151489010626746], [0.9070684522813918]], "tvec": [[-0.48087726483301296], [2.395765233425931], [16.331282563503237]]}], "extrinsic8": [{"rvec": [[1.0834846544016632], [-2.2559341317635777], [1.0016091454421028]], "tvec": [[4.3041548935448475], [3.834724103082274], [25.46323524745314]]}], "extrinsic9": [{"rvec": [[0.9636676139858833], [2.1636292028815953], [-1.3690505410368623]], "tvec": [[5.963332576410899], [-1.0383355070775775], [26.83255059950919]]}], "extrinsic10": [{"rvec": [[0.9057803326469686], [-2.057561594621928], [1.3177888466167407]], "tvec": [[3.5610571184671387], [2.6328006915022204], [21.015463610298845]]}], "extrinsic11": [{"rvec": [[0.096413698060112], [2.7784584647054946], [-1.3381604588739098]], "tvec": [[5.330515924174257], [2.653220165607376], [29.39110251106981]]}], "extrinsic12": [{"rvec": [[-0.057005198979065835], [2.3975885485925557], [-2.0725687980524676]], "tvec": [[5.715656641893837], [2.7780262948429266], [22.277876530096894]]}], "extrinsic13": [{"rvec": [[1.2029960955823271], [1.031953876834867], [-1.036374283389409]], "tvec": [[4.283855130570854], [3.157804001751771], [22.844264689091002]]}], "extrinsic14": [{"rvec": [[1.2837645714430141], [-0.970394140012242], [0.9585995751235704]], "tvec": [[-2.5983367408233526], [1.6832777977560984], [14.954623936948053]]}]}