{"intrinsic": [[1183.4673195631638, 0.0, 507.9718051105999], [0.0, 1172.2185104701364, 401.40034841608815], [0.0, 0.0, 1.0]], "distortion_coefficients": [-0.27019100103446475, -1.0983218727044566, 0.0013544484423390483, 0.002092341062036953, 4.519664646907303]}