{"extrinsic0": [{"rvec": [[2.4478757178765265], [-0.04918593403673841], [0.0347982825905755]], "tvec": [[-4.542195671559536], [-2.1052767513214214], [13.71096972640103]]}], "extrinsic1": [{"rvec": [[2.665809739095797], [-0.06984939196443939], [0.03362138855157358]], "tvec": [[-4.830894590809447], [-0.8243847645703628], [20.814446994521003]]}], "extrinsic2": [{"rvec": [[2.47199540188334], [-0.8999267538022818], [0.22319234615411562]], "tvec": [[-3.845561624164247], [0.29277820357714224], [21.039692301438958]]}], "extrinsic3": [{"rvec": [[1.6115998967859455], [-2.0518468807782915], [0.7275256552897826]], "tvec": [[-2.848566088128429], [3.423653735706564], [21.99099056783309]]}], "extrinsic4": [{"rvec": [[2.5181257786291704], [0.6890371592086946], [-0.17205686924404648]], "tvec": [[-4.153325442742372], [-3.5805894425305174], [23.433580360037016]]}], "extrinsic5": [{"rvec": [[1.677633085775329], [1.880637523801321], [-0.6935694454631414]], "tvec": [[1.5478130933714378], [-1.9860290646639798], [27.86801714698025]]}], "extrinsic6": [{"rvec": [[1.4386278633396625], [1.7567780892720315], [-0.9778367312505329]], "tvec": [[3.867304521814278], [-1.444566533144029], [22.835107326122674]]}], "extrinsic7": [{"rvec": [[1.4733348593116806], [-1.77655221038054], [0.9933175256102418]], "tvec": [[-1.9096784903433797], [2.2828939114465143], [15.705743939754502]]}], "extrinsic8": [{"rvec": [[1.0666789412881146], [-2.3318056873550557], [1.081138641147181]], "tvec": [[1.9553102204046573], [3.7133374992447483], [25.58961585278562]]}], "extrinsic9": [{"rvec": [[1.0069688745151144], [2.097076384293073], [-1.3031373318782324]], "tvec": [[3.5617906730852615], [-1.1731277247860827], [26.7857247383102]]}], "extrinsic10": [{"rvec": [[0.852636527994579], [-2.1384966482490557], [1.3709749545502936]], "tvec": [[1.6672081269912722], [2.4823327736670313], [20.899286059179655]]}], "extrinsic11": [{"rvec": [[0.1609870974119962], [2.703179032111767], [-1.261309556095387]], "tvec": [[2.6637191390081125], [2.4197664200882287], [28.971626193232332]]}], "extrinsic12": [{"rvec": [[0.041547130629091454], [2.2874034428839622], [-2.083882104587039]], "tvec": [[3.6993195823491156], [2.763430920313515], [22.19081189225646]]}], "extrinsic13": [{"rvec": [[1.2430595928456223], [0.9750709052080374], [-0.9805329154057733]], "tvec": [[2.266666850604069], [3.0266742269891087], [22.690966875374183]]}], "extrinsic14": [{"rvec": [[1.2644715154597166], [-1.0446330448778716], [1.0174393841168912]], "tvec": [[-4.043958978165659], [1.6244521353101629], [14.697003303710204]]}]}