{"intrinsic": [[1159.7166076458523, 0.0, 613.2251336695717], [0.0, 1154.0105899232592, 408.32416711789244], [0.0, 0.0, 1.0]], "distortion_coefficients": [-0.5453511363199053, 3.0428842740028266, -0.0051559513458583235, 0.001759029460771629, -8.980609264465118]}